PlayerCard1,PlayerCard2,FlopCard1,FlopCard2,FlopCard3,EquityPercent
Qd.png,3s.png,6d.png,9h.png,5c.png,4.13
Td.png,6d.png,8d.png,9h.png,Qc.png,28.07
Qc.png,3s.png,Kh.png,9c.png,5h.png,4.1
3c.png,Tc.png,Jh.png,9d.png,Ah.png,3.03
Kh.png,2c.png,Ts.png,7s.png,6h.png,4.9
Ad.png,6c.png,4d.png,8c.png,6d.png,25.17
4s.png,8h.png,6c.png,Jd.png,3d.png,2.67
2d.png,3s.png,8s.png,9c.png,3c.png,13.6
Ad.png,9s.png,Ah.png,Js.png,8s.png,40.8
Js.png,As.png,Ks.png,5d.png,2d.png,16.7
Jh.png,Ah.png,Th.png,Qs.png,Ks.png,70.9
6s.png,3s.png,2c.png,7c.png,5h.png,15.3
2d.png,5h.png,Ac.png,Tc.png,Jh.png,1.23
2d.png,Kc.png,Ks.png,4d.png,3h.png,35.33
4s.png,3s.png,Ks.png,Qc.png,5d.png,8
2s.png,9s.png,Jc.png,5s.png,7d.png,6.77
Ts.png,2h.png,Js.png,4c.png,5h.png,4.8
8d.png,9c.png,Qc.png,7d.png,Jh.png,16.27
Kh.png,6s.png,2h.png,4c.png,As.png,5.5
Qd.png,8s.png,Ks.png,8h.png,7c.png,25.67
Qs.png,4s.png,Th.png,Kc.png,8d.png,5.27
7h.png,As.png,6c.png,2d.png,Qc.png,6.47
4c.png,Ah.png,3h.png,9c.png,5c.png,20.3
Ah.png,4d.png,7c.png,6d.png,7d.png,8.93
3s.png,3d.png,5d.png,7c.png,5s.png,10.13
7c.png,9s.png,5d.png,Kc.png,Jd.png,5.2
7d.png,Ah.png,Jd.png,7h.png,Jh.png,27.57
7c.png,3c.png,3h.png,Ah.png,3d.png,62.7
5s.png,7c.png,Qh.png,3c.png,2s.png,5.3
7s.png,6s.png,5c.png,Kh.png,3h.png,15.97
Jh.png,Ks.png,9s.png,5d.png,9c.png,10.53
4s.png,Th.png,5h.png,2d.png,Tc.png,34.17
9s.png,Tc.png,4d.png,Ts.png,Qs.png,27.47
Qc.png,Kc.png,As.png,Jh.png,2h.png,20.63
Tc.png,6s.png,9s.png,5d.png,Jd.png,3.75
5c.png,Qs.png,2c.png,Td.png,5s.png,22.4
9h.png,5s.png,4h.png,6s.png,2h.png,12.03
Jc.png,Jd.png,2c.png,8d.png,Jh.png,87.8
Jc.png,Js.png,4c.png,5d.png,7d.png,18.43
5d.png,7h.png,4c.png,5h.png,2h.png,16.9
Kc.png,Js.png,4c.png,Ks.png,Ts.png,47.53
7c.png,Jd.png,9d.png,Ad.png,3s.png,5.2
2h.png,9d.png,Qd.png,8s.png,4h.png,3
Ac.png,7c.png,3c.png,3s.png,2c.png,35.1
7c.png,3s.png,Ah.png,9c.png,Qs.png,0.73
8s.png,Jc.png,Kc.png,6c.png,6s.png,6.1
3d.png,Td.png,7s.png,5d.png,Qh.png,6.47
Ah.png,Jd.png,Kh.png,Ks.png,Kc.png,22.3
6d.png,Qd.png,6h.png,7c.png,Kh.png,14.1
4s.png,8c.png,6c.png,Ks.png,2d.png,3.95
3d.png,8h.png,Ac.png,2d.png,3s.png,16.5
7h.png,4h.png,6d.png,8h.png,Qd.png,16.4
7c.png,9c.png,Qc.png,8h.png,9s.png,22.5
8c.png,As.png,6s.png,4s.png,Td.png,12.1
7d.png,6d.png,Js.png,3d.png,8h.png,8.7
Js.png,2s.png,8d.png,Ts.png,6h.png,10.3
Tc.png,2c.png,Kc.png,4c.png,6c.png,72
6c.png,6s.png,2c.png,4s.png,Ts.png,18
8d.png,5d.png,Qc.png,Td.png,6s.png,7.8
3d.png,Ac.png,2d.png,6h.png,Jh.png,6.7
4d.png,Tc.png,2d.png,Js.png,3c.png,5.2
Kd.png,6c.png,4s.png,Ts.png,4d.png,7.87
9h.png,7s.png,3d.png,Td.png,Th.png,7.27
6c.png,Jd.png,5d.png,Qs.png,9c.png,7.93
3h.png,7d.png,5s.png,Td.png,6c.png,15.8
Qh.png,Jc.png,9s.png,5c.png,8c.png,20.5
6c.png,4c.png,Kc.png,3d.png,Jd.png,8.9
8s.png,2d.png,4d.png,5d.png,Ac.png,8.67
As.png,8h.png,5c.png,5d.png,2c.png,9.27
Th.png,Kh.png,5d.png,3d.png,Td.png,22.7
Tc.png,Jc.png,2c.png,9s.png,7h.png,30.67
8d.png,Kh.png,Kd.png,Ts.png,Tc.png,37.87
2s.png,9h.png,4s.png,5d.png,Jh.png,2.55
7d.png,Ts.png,2d.png,5c.png,Kc.png,2.7
7d.png,Ac.png,3d.png,2d.png,Ah.png,37.8
3d.png,Jh.png,9s.png,9h.png,6h.png,8.03
Ks.png,Ah.png,2d.png,7s.png,Js.png,17.8
Qs.png,Qd.png,9h.png,Ks.png,9s.png,30.7
7h.png,Qs.png,Jd.png,Ts.png,3c.png,8.15
Th.png,5s.png,9d.png,Js.png,6c.png,4.37
7h.png,Ah.png,4h.png,Jd.png,Th.png,36.9
8d.png,4s.png,9s.png,4d.png,7c.png,13.53
8d.png,8s.png,Td.png,4h.png,2d.png,16.8
Ts.png,Kd.png,8s.png,4h.png,9c.png,12.27
6c.png,2c.png,7s.png,Td.png,2h.png,11.27
Qs.png,Qh.png,8c.png,7h.png,Ks.png,27.8
5c.png,Qs.png,6d.png,Qc.png,Ah.png,27.27
As.png,8s.png,4d.png,Ac.png,7h.png,47.97
Qs.png,Th.png,Kd.png,Js.png,4s.png,31.4
Kc.png,Jd.png,7s.png,4c.png,Qd.png,13.7
9h.png,Kh.png,5d.png,4c.png,3c.png,3.93
Qc.png,8c.png,9s.png,7c.png,3h.png,15.53
6h.png,4h.png,Js.png,Ts.png,Ks.png,1.1
2s.png,Jd.png,2d.png,3c.png,Qh.png,12.6
3s.png,8s.png,As.png,3d.png,4h.png,15.97
As.png,2c.png,Jd.png,4h.png,4d.png,8.53
5s.png,Kd.png,6c.png,3s.png,Td.png,7.33
Qh.png,Kh.png,3s.png,9c.png,8h.png,17.2
7h.png,Ac.png,Td.png,Tc.png,9s.png,9.48
4s.png,7h.png,7c.png,Qc.png,3d.png,17.6
Jd.png,Ac.png,Js.png,7d.png,6d.png,41
Js.png,Ts.png,Th.png,As.png,4c.png,32.3
2d.png,2c.png,Qh.png,8d.png,3c.png,10.3
Ad.png,Jc.png,Kh.png,8h.png,2s.png,8.43
Ac.png,3s.png,7s.png,4h.png,7h.png,5.43
Qd.png,4d.png,9d.png,3h.png,8d.png,32.6
3h.png,8c.png,4c.png,5c.png,Qh.png,4.4
Ac.png,Qc.png,4d.png,Ah.png,9s.png,57.8
Ah.png,7d.png,Ks.png,Td.png,Kd.png,11.43
Td.png,6h.png,Tc.png,Qd.png,Js.png,10.17
3c.png,5s.png,Kd.png,Kc.png,Td.png,2.27
3d.png,8s.png,2d.png,3s.png,8c.png,61
Td.png,2h.png,4h.png,9d.png,Ks.png,4.13
2c.png,9s.png,Qd.png,Kc.png,Ks.png,3.27
Ah.png,2s.png,7h.png,4s.png,5d.png,6.13
2h.png,Js.png,3c.png,2s.png,Jc.png,54.2
2h.png,Kd.png,Ah.png,Jc.png,2c.png,15.2
Kd.png,Ks.png,7c.png,8c.png,As.png,27
4c.png,Ac.png,9h.png,Td.png,7h.png,3.43
7s.png,7c.png,8c.png,6h.png,4s.png,25.6
Tc.png,9d.png,Ks.png,3d.png,4s.png,6.6
4s.png,9h.png,3h.png,3d.png,Kd.png,2.6
8c.png,Ks.png,4d.png,5d.png,8d.png,10.3
4c.png,5d.png,Kd.png,Qc.png,Ts.png,1.8
6h.png,Jd.png,3h.png,2c.png,Kh.png,6.93
4h.png,7h.png,Kd.png,2c.png,Qh.png,5.3
9s.png,Ah.png,3h.png,4h.png,6h.png,36.03
4s.png,2h.png,2d.png,5s.png,5d.png,10.5
9s.png,6d.png,8d.png,5c.png,8s.png,19.08
2s.png,Qh.png,Ac.png,4s.png,6c.png,2.83
Qd.png,2h.png,4d.png,8c.png,Jc.png,4.57
6s.png,Ad.png,8d.png,4d.png,9d.png,40.25
Qs.png,As.png,7d.png,Jh.png,9s.png,13.6
Jd.png,Ah.png,8d.png,Ks.png,3d.png,13.07
Ah.png,5s.png,Jd.png,7c.png,8h.png,5.43
5c.png,Jh.png,Tc.png,Ah.png,Qd.png,12.57
7h.png,Tc.png,3c.png,2c.png,Qh.png,6.2
Tc.png,7c.png,Ah.png,9d.png,3h.png,5.77
Qs.png,Ac.png,6s.png,9d.png,Qc.png,43.6
Js.png,7d.png,4c.png,Kh.png,7s.png,22.8
6s.png,Ts.png,4d.png,9h.png,Kh.png,5.07
Ah.png,Ac.png,6h.png,3h.png,5s.png,33.27
7s.png,Qh.png,Qs.png,Ad.png,6s.png,28.3
7h.png,Qs.png,2s.png,7d.png,7s.png,79.1
Kd.png,7c.png,5c.png,2s.png,7d.png,29.7
Kh.png,Qs.png,9s.png,6d.png,8d.png,7.83
9d.png,3h.png,6d.png,2h.png,4c.png,12.57
2d.png,3s.png,4d.png,Qd.png,5c.png,21.03
4d.png,Td.png,3c.png,8s.png,5h.png,8
Ah.png,7h.png,5c.png,6c.png,Qc.png,4
2h.png,Td.png,Ac.png,7s.png,Ad.png,4.23
Qh.png,Jd.png,Qs.png,8s.png,As.png,16.53
8c.png,Ah.png,2s.png,9h.png,9d.png,11.1
2d.png,9d.png,8s.png,2c.png,9s.png,48.37
Td.png,2s.png,Tc.png,Qs.png,6s.png,22.2
Jh.png,8h.png,Td.png,Qd.png,Qc.png,13.37
2c.png,2s.png,5c.png,Td.png,5h.png,12.47
Jd.png,8c.png,2d.png,Ah.png,Kc.png,2.92
3s.png,9d.png,Kd.png,9s.png,5h.png,21.1
Js.png,8c.png,2d.png,2h.png,Jc.png,32.23
7s.png,2h.png,4c.png,Jh.png,3c.png,3.67
6c.png,8s.png,8h.png,4d.png,7h.png,25.83
Qh.png,Kd.png,6d.png,6c.png,Ts.png,13.5
Jh.png,6s.png,9c.png,7c.png,Qs.png,4.2
Qc.png,4s.png,Kh.png,Js.png,5h.png,3.47
6h.png,Tc.png,Qs.png,6c.png,9c.png,18.38
2d.png,Ks.png,4c.png,9c.png,7c.png,3.2
3s.png,As.png,Ts.png,2s.png,Ad.png,64.3
Kd.png,6s.png,Ac.png,As.png,2h.png,6.82
6h.png,3c.png,3s.png,5c.png,6d.png,36.87
Ah.png,4h.png,8d.png,Ac.png,8s.png,39.03
8c.png,Kc.png,Ad.png,Jc.png,3d.png,5.87
7h.png,6d.png,2h.png,Ts.png,As.png,5
Qs.png,Js.png,8s.png,2d.png,2c.png,14.7
Kd.png,5d.png,Th.png,8h.png,Jc.png,4.67
Th.png,Ah.png,9c.png,Qs.png,Td.png,19.63
3d.png,8d.png,2d.png,Qd.png,Qs.png,24.33
8h.png,As.png,8d.png,4s.png,Qh.png,30.6
3h.png,2d.png,Js.png,4s.png,8h.png,4.5
3s.png,8d.png,Qc.png,Ts.png,6c.png,2.27
6d.png,Ts.png,7d.png,Qd.png,2d.png,10.07
3c.png,6d.png,2s.png,Ad.png,7s.png,1.57
Js.png,8c.png,Th.png,3s.png,As.png,10.23
2h.png,Qh.png,5s.png,6c.png,4c.png,4.67
6s.png,7s.png,9d.png,5h.png,Qh.png,14.17
9h.png,As.png,3c.png,Js.png,Qs.png,13.67
3d.png,Qd.png,7d.png,Js.png,2h.png,9.9
2s.png,Th.png,Jh.png,8d.png,Tc.png,15.4
Kd.png,6h.png,Ts.png,Qc.png,7s.png,7.13
5d.png,9h.png,6c.png,Jd.png,Kc.png,2.57
3c.png,Qh.png,Kd.png,Ac.png,9h.png,3.5
7s.png,2d.png,Kc.png,7h.png,Jh.png,14.27
7c.png,Qc.png,Ts.png,4h.png,6c.png,13.17
Th.png,4h.png,Ts.png,Tc.png,9h.png,69
Td.png,3s.png,9c.png,2c.png,8d.png,6.2
3c.png,7c.png,4h.png,Js.png,8h.png,1.67
5s.png,3s.png,9s.png,9d.png,4h.png,9.17
Kc.png,8c.png,Jd.png,9c.png,3c.png,34.67
2d.png,6h.png,5h.png,Kd.png,9s.png,3.9
2h.png,3d.png,Kc.png,7h.png,Ah.png,2.6
8c.png,3s.png,5d.png,9d.png,Tc.png,2.17
9d.png,6h.png,8c.png,7s.png,Qh.png,26.07
5d.png,Ah.png,7c.png,Kd.png,As.png,47.27
Th.png,6s.png,6h.png,9c.png,9d.png,18.53
3d.png,6c.png,3c.png,2h.png,Tc.png,19.6
Jd.png,2d.png,Tc.png,Th.png,6d.png,6.63
Jh.png,Jd.png,Tc.png,5d.png,Jc.png,75.2
5h.png,7h.png,Js.png,4h.png,2s.png,11.8
Tc.png,Qd.png,Td.png,Ks.png,6s.png,26.8
5s.png,Td.png,3d.png,Ad.png,Tc.png,26.17
Qd.png,8h.png,Kh.png,Ts.png,4c.png,5.77
Ts.png,9s.png,Ac.png,7d.png,6h.png,16.8
7c.png,6h.png,4c.png,6c.png,As.png,18.57
2d.png,4h.png,Jh.png,6c.png,7h.png,2.8
4s.png,9h.png,3s.png,6h.png,5d.png,20.3
5d.png,9h.png,Qh.png,4s.png,5c.png,16.87
Jc.png,Qs.png,5c.png,9s.png,9c.png,14.73
9c.png,Qc.png,Kd.png,3c.png,Qd.png,30.47
9h.png,Th.png,Qh.png,Kd.png,Tc.png,20.15
2h.png,6c.png,Ac.png,Th.png,5c.png,4.5
Ad.png,Ks.png,Jc.png,Jd.png,2s.png,16.6
3d.png,Ts.png,2h.png,6c.png,9s.png,7.1
4h.png,5h.png,Ks.png,Qc.png,8c.png,2.1
8c.png,Ad.png,Kh.png,7d.png,5d.png,11.1
Qc.png,2s.png,Ts.png,As.png,4h.png,4.5
4h.png,As.png,Qh.png,6h.png,Jh.png,8.8
2d.png,3d.png,3s.png,Kc.png,6h.png,14
3h.png,Kc.png,Ks.png,2h.png,4s.png,35.72
2d.png,4h.png,2h.png,3d.png,3c.png,9.3
Tc.png,Jh.png,Ah.png,3s.png,4h.png,10.07
Qh.png,9c.png,Ac.png,Ts.png,Kh.png,12.92
9s.png,Qh.png,7d.png,Kh.png,4c.png,5.7
3h.png,Ac.png,Ad.png,7s.png,3d.png,62.17
Tc.png,Jc.png,Kh.png,6h.png,8c.png,14
3c.png,4d.png,Jc.png,Ah.png,3d.png,15.17
Ac.png,Th.png,9d.png,5c.png,Kd.png,10.8
Kh.png,3d.png,7c.png,5s.png,4h.png,7.93
8h.png,3h.png,4c.png,Ac.png,Tc.png,1.8
Jh.png,3h.png,5c.png,8c.png,9h.png,6.93
4c.png,Qc.png,8s.png,Kc.png,5h.png,5.87
6s.png,Qd.png,3c.png,Jh.png,2d.png,5
Ac.png,9d.png,7h.png,2s.png,7c.png,11.25
6d.png,Ts.png,5h.png,3h.png,9c.png,6.27
Jh.png,Ah.png,Kh.png,9c.png,Qs.png,24.1
5d.png,3s.png,7c.png,Qs.png,6h.png,13.43
Jd.png,3c.png,Jh.png,Qd.png,7s.png,25.97
Qd.png,Jd.png,5d.png,3d.png,9h.png,39.9
Ks.png,Jh.png,Ah.png,5d.png,Qs.png,19.5
3d.png,8d.png,8s.png,Kh.png,9c.png,16.47
Td.png,6d.png,6h.png,8d.png,Th.png,46.2
Ad.png,Qs.png,6h.png,Jh.png,8c.png,15
Kh.png,Ks.png,2c.png,Ac.png,Jc.png,18.1
Ah.png,8d.png,4c.png,7d.png,Th.png,9.33
Tc.png,8s.png,8h.png,7d.png,Js.png,27.33
Qs.png,As.png,5s.png,6h.png,Kd.png,15.7
4d.png,6c.png,Tc.png,Th.png,2h.png,3.7
8d.png,8c.png,9s.png,3d.png,3c.png,15
3c.png,7s.png,7c.png,4d.png,3s.png,42.9
9d.png,8h.png,2h.png,Ts.png,7c.png,26.53
6d.png,6h.png,Tc.png,Ah.png,Td.png,13.53
4c.png,Kc.png,7s.png,Qh.png,8s.png,4.5
9s.png,Ks.png,Jd.png,As.png,Td.png,14.13
2s.png,8h.png,6d.png,7s.png,Jh.png,6.2
9s.png,2h.png,Th.png,Qd.png,9h.png,10.17
3h.png,Ks.png,Kd.png,9d.png,8c.png,28.93
5h.png,Ks.png,2s.png,Qc.png,8h.png,6.9
Kh.png,Jd.png,7h.png,Tc.png,9c.png,26.15
Ad.png,Td.png,7h.png,Jc.png,8d.png,18.8
2s.png,Jh.png,Qs.png,2c.png,8c.png,12.27
6c.png,5d.png,3d.png,4s.png,7h.png,79.43
Jh.png,7d.png,3s.png,Ah.png,Ac.png,6.17
9h.png,8d.png,4d.png,5s.png,Qd.png,7
Qc.png,9s.png,4d.png,Jd.png,Qd.png,23.13
Kd.png,7d.png,6h.png,2h.png,Ac.png,5.53
Kc.png,5c.png,7s.png,Jc.png,5h.png,22.6
8d.png,Qs.png,2h.png,8s.png,Th.png,23.77
7s.png,5c.png,Th.png,Qh.png,9s.png,1.07
3h.png,2s.png,8h.png,8s.png,Ac.png,0.9
Qs.png,Kd.png,Ad.png,9h.png,2h.png,13
Ah.png,5c.png,6h.png,4d.png,Ks.png,9.6
2h.png,6c.png,6h.png,Ah.png,Ks.png,16.9
Js.png,Jd.png,Ac.png,2c.png,4h.png,16.87
8s.png,8d.png,Kh.png,2h.png,Js.png,13.4
4s.png,Ac.png,8c.png,2d.png,2c.png,14.1
6s.png,Qh.png,7d.png,4c.png,9d.png,7
5c.png,7h.png,Jh.png,3h.png,8h.png,13.7
4c.png,8d.png,Qh.png,5h.png,Qc.png,3.77
Kd.png,4s.png,Ad.png,3h.png,6s.png,6.57
4h.png,3h.png,Kc.png,2c.png,5c.png,13.53
Js.png,Jc.png,Ks.png,4d.png,3d.png,20.9
Ac.png,Kd.png,Qc.png,7d.png,7h.png,14.77
7d.png,5s.png,9c.png,Ad.png,Js.png,1.73
3h.png,4d.png,2s.png,6h.png,9c.png,12.3
Ac.png,Tc.png,8d.png,6c.png,Td.png,31.73
7h.png,6s.png,Ac.png,5s.png,7s.png,18.17
8c.png,7s.png,4h.png,Ad.png,Jd.png,4.53
Ah.png,Tc.png,Kd.png,4h.png,Qd.png,21
3d.png,8c.png,3c.png,Ks.png,6d.png,13.27
3s.png,4c.png,7s.png,2d.png,4h.png,12.97
As.png,Ac.png,4d.png,Th.png,7c.png,45.2
Td.png,7d.png,Qc.png,7h.png,Jh.png,16.9
8d.png,6s.png,7h.png,Td.png,4c.png,27.9
9c.png,Jc.png,5s.png,7d.png,5c.png,11.17
3h.png,Qh.png,4s.png,Jh.png,4c.png,6.83
2d.png,5s.png,3c.png,5c.png,9h.png,16.2
5h.png,3c.png,7h.png,Ts.png,Tc.png,2.13
Js.png,Kd.png,8s.png,2d.png,Qd.png,15.4
Ah.png,2s.png,Ad.png,2d.png,5h.png,54.23
3s.png,8c.png,Ks.png,Td.png,As.png,1.67
Ah.png,9s.png,4s.png,2c.png,Tc.png,8.47
6h.png,Tc.png,9d.png,8h.png,2d.png,15.63
4c.png,2s.png,Ad.png,Ah.png,9d.png,2.53
6c.png,5d.png,Kh.png,4s.png,7d.png,28.37
5d.png,Kh.png,4h.png,3d.png,Qs.png,7.97
6h.png,6c.png,6s.png,Td.png,Kh.png,77.4
2d.png,8d.png,3c.png,6d.png,6c.png,5.93
Jd.png,9h.png,Qs.png,2c.png,8d.png,20.23
Kc.png,3d.png,7h.png,4d.png,6h.png,6.3
6h.png,Ad.png,9d.png,4c.png,5d.png,14
As.png,4c.png,6s.png,Ad.png,5c.png,39.8
Qd.png,3d.png,Ac.png,9s.png,6c.png,3.57
4c.png,Kh.png,9d.png,4h.png,7d.png,14.4
Qd.png,5c.png,6c.png,8h.png,2s.png,8.07
8h.png,Ts.png,7d.png,4c.png,2h.png,9.83
7d.png,Ac.png,2h.png,8s.png,Td.png,6.7
9c.png,Ad.png,6c.png,7h.png,3s.png,9.33
7c.png,4h.png,Tc.png,Jd.png,9h.png,3.17
Ad.png,Qh.png,Ts.png,5h.png,7s.png,14.87
2c.png,Kh.png,5c.png,Qc.png,Kc.png,28
Tc.png,4c.png,7d.png,2h.png,9c.png,7.7
As.png,Qh.png,Ks.png,8s.png,Kh.png,19.03
Td.png,Kh.png,3d.png,Jd.png,7d.png,24.2
7h.png,7c.png,6d.png,5d.png,Ah.png,14.57
Ad.png,Ks.png,Ts.png,7s.png,3c.png,16.3
5c.png,4s.png,4d.png,7h.png,5d.png,32.97
Th.png,3c.png,9h.png,Kd.png,Jh.png,14.62
Th.png,3d.png,9h.png,Qc.png,Td.png,17.07
Td.png,4h.png,4c.png,Qs.png,4d.png,76.93
Jh.png,Jd.png,9c.png,2h.png,Qd.png,29.2
7d.png,9h.png,9c.png,Jh.png,Jd.png,23.57
4h.png,6d.png,3d.png,6h.png,9d.png,14.83
Jc.png,Qd.png,2d.png,9s.png,Ah.png,8.43
4d.png,Qh.png,8s.png,5d.png,Ah.png,3.33
Qc.png,Jd.png,9h.png,8s.png,Kh.png,15.47
6c.png,Kh.png,9s.png,Ah.png,7s.png,3.9
3s.png,Ah.png,6s.png,2s.png,3c.png,16.57
3h.png,8c.png,6d.png,2c.png,5s.png,12.27
9h.png,2c.png,6h.png,9s.png,7d.png,20.1
7h.png,Jd.png,Js.png,Qh.png,As.png,15.87
7h.png,3d.png,Jc.png,2h.png,6c.png,3
2d.png,Qc.png,6s.png,9d.png,6c.png,5
Qs.png,3d.png,Ac.png,2h.png,8s.png,3.9
Ts.png,8c.png,4s.png,7s.png,Qd.png,8.8
Th.png,3d.png,3s.png,Jh.png,2d.png,17.7
Ad.png,5c.png,Jd.png,Qh.png,Ac.png,37.67
7d.png,9c.png,9d.png,Qc.png,8s.png,18.2
3s.png,6c.png,4d.png,3d.png,5h.png,20.03
Tc.png,6d.png,Jd.png,7c.png,3s.png,4.27
2c.png,9s.png,Ac.png,Js.png,8s.png,4.17
5d.png,Qh.png,Kc.png,6d.png,Td.png,5.6
4h.png,4s.png,Ks.png,8d.png,7s.png,9.3
6h.png,Kc.png,Td.png,7h.png,8h.png,9.93
7s.png,Jc.png,8h.png,4d.png,Qd.png,5.8
9h.png,6h.png,Qs.png,8d.png,7s.png,26.77
Qc.png,Kh.png,2s.png,2c.png,Ts.png,9.07
6h.png,Ts.png,7c.png,7d.png,9c.png,11.7
8s.png,Jd.png,6c.png,7c.png,8h.png,16.73
7s.png,9c.png,As.png,Th.png,4h.png,4.53
5c.png,Kd.png,6c.png,9c.png,5s.png,17.4
6h.png,3c.png,Ah.png,8s.png,3s.png,13.17
5d.png,4d.png,Ac.png,Ah.png,Jd.png,7.07
Jc.png,6d.png,Ah.png,2c.png,6s.png,24.3
6s.png,Jd.png,3d.png,Ks.png,2s.png,4.87
Ks.png,9h.png,5s.png,6c.png,3s.png,9.87
Qd.png,Ac.png,7c.png,Qs.png,6s.png,41.3
Qd.png,3c.png,As.png,5h.png,6d.png,3.6
6h.png,Qs.png,Ah.png,9s.png,5h.png,5.3
8s.png,8h.png,3h.png,7h.png,Jd.png,17.6
Ks.png,Ah.png,As.png,4d.png,2s.png,48.23
8h.png,Td.png,5s.png,2s.png,Qc.png,6.1
Js.png,8d.png,7c.png,Kd.png,2c.png,4.1
Jh.png,5s.png,Kc.png,6c.png,4s.png,6.57
7s.png,9c.png,5d.png,8c.png,9s.png,28.03
Ac.png,Js.png,Tc.png,7c.png,4d.png,18.93
Qc.png,2h.png,Qh.png,5c.png,9h.png,31.87
2d.png,8c.png,3c.png,5h.png,7h.png,3.27
5h.png,6s.png,5s.png,8d.png,6d.png,33.63
8c.png,2d.png,8s.png,4c.png,Tc.png,20.9
9h.png,Jc.png,Jd.png,Ts.png,2h.png,35.27
7s.png,2c.png,As.png,4s.png,Kc.png,2.73
Ks.png,9d.png,6c.png,Kd.png,7h.png,42.73
Ad.png,Kd.png,3c.png,4d.png,5s.png,11.93
Jd.png,6c.png,Ad.png,9d.png,2h.png,8.07
8h.png,2s.png,9d.png,Qc.png,2c.png,12.85
5d.png,Kc.png,Qs.png,6h.png,2c.png,5.53
8c.png,Js.png,Qs.png,Kh.png,5h.png,5.67
9d.png,4d.png,3d.png,Js.png,Td.png,28.1
8c.png,7d.png,As.png,7h.png,Qc.png,19.97
Jh.png,Ah.png,3h.png,3s.png,Qc.png,13.18
Td.png,Qc.png,7s.png,3d.png,2s.png,7.2
6h.png,2c.png,Ts.png,7s.png,Ad.png,1.9
Kd.png,Js.png,Qc.png,Jc.png,Jh.png,74.9
2s.png,4h.png,Ts.png,9d.png,Th.png,1.3
Qd.png,Qc.png,6h.png,4h.png,8h.png,16.2
2h.png,2c.png,4s.png,Jc.png,7c.png,7.9
5c.png,7d.png,5d.png,Ks.png,2s.png,15.43
9h.png,Tc.png,Qs.png,Kc.png,Jd.png,70.18
2d.png,7d.png,Th.png,Kd.png,Qs.png,6.43
Qh.png,2c.png,2h.png,Ks.png,5c.png,16.9
As.png,5h.png,8h.png,6c.png,Ad.png,39.3
8d.png,Qh.png,9s.png,5s.png,Ad.png,7.13
7s.png,5h.png,2d.png,3c.png,Qc.png,3.37
Jc.png,4d.png,2s.png,Ts.png,6s.png,2.1
3c.png,Ac.png,8d.png,Jd.png,5c.png,10.3
8h.png,2s.png,9s.png,3c.png,9d.png,2.2
7d.png,Kd.png,As.png,Jd.png,Ah.png,13.43
5c.png,Jd.png,7d.png,Kc.png,9c.png,6.43
9h.png,9d.png,3h.png,2c.png,5c.png,18.87
9c.png,4d.png,7h.png,6h.png,8d.png,17.68
4s.png,7c.png,6h.png,Kc.png,6c.png,5.47
5d.png,Kd.png,Tc.png,8c.png,3s.png,5.87
6h.png,3s.png,2s.png,9h.png,4c.png,16.8
Jc.png,Jd.png,8d.png,6d.png,Ts.png,31.27
6h.png,8h.png,7h.png,4s.png,9s.png,27.48
Qs.png,Kd.png,5h.png,As.png,7c.png,10.77
2s.png,6d.png,3c.png,8h.png,4d.png,14.47
4s.png,7d.png,7c.png,Qc.png,2s.png,19.87
2h.png,Kc.png,9s.png,6d.png,Js.png,5.9
Qs.png,5h.png,4s.png,Kc.png,3d.png,6.63
4d.png,Jd.png,Qh.png,Ah.png,9c.png,4.43
7h.png,4d.png,Kc.png,5c.png,Ts.png,3.1
6h.png,3h.png,Th.png,4h.png,6c.png,36.6
Jc.png,8c.png,6h.png,2c.png,Ac.png,33.23
7c.png,4c.png,7d.png,Ad.png,6d.png,9.6
As.png,Qd.png,2h.png,Ad.png,Qc.png,75.6
8s.png,Jc.png,9d.png,8c.png,4s.png,24.97
As.png,Jd.png,8s.png,4s.png,Js.png,57.4
8s.png,6h.png,Jd.png,Ks.png,5c.png,4.3
Ah.png,5h.png,7c.png,6s.png,Tc.png,4.27
Td.png,Qh.png,Ad.png,5d.png,3d.png,20.8
6s.png,4d.png,9d.png,Qh.png,2h.png,2.8
3h.png,Qc.png,5s.png,Js.png,2d.png,8.97
3d.png,4s.png,9d.png,9c.png,9s.png,5.8
7c.png,Jc.png,6s.png,Qh.png,9s.png,5.08
Qs.png,As.png,Kd.png,2h.png,5h.png,11.6
4c.png,Qh.png,8s.png,4s.png,Qs.png,34.43
Qd.png,Ks.png,7h.png,3d.png,3c.png,12.8
3c.png,9s.png,Kc.png,9d.png,9c.png,64
8c.png,Jh.png,6s.png,7h.png,Kh.png,8.27
Ah.png,7d.png,6s.png,Jc.png,4c.png,8.3
9d.png,Jd.png,Jc.png,2d.png,8s.png,38.07
8h.png,3c.png,5c.png,Td.png,Qd.png,1.9
4s.png,Qh.png,9c.png,5h.png,2h.png,9.1
2s.png,Ts.png,Ah.png,3d.png,7h.png,1.9
5c.png,Qs.png,Th.png,9c.png,Td.png,5.8
2d.png,Js.png,2c.png,4c.png,9s.png,14.1
Ad.png,Ts.png,Ah.png,7s.png,Jc.png,49.9
Jd.png,5c.png,9c.png,Js.png,7d.png,24.63
8d.png,Jc.png,2c.png,6c.png,5s.png,8.63
Ks.png,5d.png,Qd.png,Ts.png,7c.png,6.7
Ts.png,Tc.png,2d.png,4d.png,Kc.png,22.5
Ad.png,9d.png,Qd.png,6c.png,5h.png,12.67
Jh.png,4s.png,9h.png,Kc.png,5s.png,3.5
9s.png,3h.png,5s.png,5d.png,Qs.png,3.9
8d.png,9d.png,5h.png,Kh.png,Qc.png,4.43
Qc.png,8h.png,5c.png,Th.png,Ad.png,6.63
3c.png,Qd.png,9h.png,2d.png,Qs.png,34.87
3s.png,Jc.png,Tc.png,5c.png,8c.png,19.97
Kh.png,5d.png,6h.png,Tc.png,Ts.png,5.17
Jc.png,Jd.png,Jh.png,2h.png,9c.png,73.8
2c.png,Th.png,5h.png,4c.png,6d.png,5.37
2s.png,Kh.png,Th.png,Qs.png,7c.png,5.8
4s.png,Ac.png,As.png,3h.png,Ks.png,41.87
9s.png,Th.png,Ad.png,4d.png,As.png,7.17
Tc.png,Td.png,7h.png,Kh.png,2h.png,13.6
8s.png,4d.png,5h.png,Ac.png,Kh.png,3.2
3c.png,7d.png,Kd.png,Js.png,Ts.png,1.77
Qd.png,3s.png,4s.png,6c.png,Qc.png,33.63
Jh.png,4s.png,Td.png,9c.png,Jc.png,15
8d.png,3s.png,Kd.png,9s.png,8s.png,15.67
7d.png,Td.png,2c.png,Ad.png,Js.png,6.9
5s.png,Th.png,Ac.png,7s.png,9c.png,2.9
Qc.png,9c.png,7d.png,7c.png,4s.png,10.63
9c.png,4h.png,Td.png,7d.png,Kc.png,3.63
Jh.png,Qs.png,Js.png,8h.png,Ah.png,30.47
Kc.png,9c.png,5c.png,7h.png,Kd.png,42.37
Qh.png,Js.png,As.png,5s.png,3c.png,9.73
6h.png,9c.png,2c.png,Jh.png,Jd.png,7.63
Qc.png,Jh.png,8c.png,Ad.png,As.png,14.3
4h.png,6h.png,Ts.png,5h.png,Kc.png,8.2
8d.png,Tc.png,5d.png,3h.png,Qh.png,4.67
6h.png,8h.png,4c.png,9c.png,Th.png,14.1
5h.png,6c.png,7s.png,Qh.png,8h.png,21.3
3h.png,6c.png,5h.png,8d.png,4c.png,23.2
2d.png,8s.png,9d.png,7d.png,6c.png,18.12
6d.png,8h.png,3s.png,9h.png,Ad.png,6.9
5s.png,4h.png,9c.png,8c.png,8d.png,1.47
9d.png,Jh.png,6h.png,Jd.png,Kd.png,26.97
9s.png,Kd.png,8c.png,4h.png,Kc.png,38.6
Jc.png,Td.png,Qc.png,5c.png,Qh.png,13.13